{"x": [3.9377708435058594, 1.6798664331436157, -1.9873820543289185, -1.730969786643982, -1.9774402379989624, 0.6812700629234314, -2.0046348571777344, -0.8288824558258057, 3.1753087043762207, 0.3779314458370209, 1.5010693073272705, -2.082860231399536, 1.1276888847351074, 1.1366980075836182, -1.5561083555221558, 1.2601127624511719, -0.3300884962081909, 2.627188205718994, 0.07017206400632858, 1.7246307134628296, -1.2689861059188843, -0.6813228130340576, -2.8389856815338135, 0.7933932542800903, -3.0230281352996826, 2.6831247806549072, -1.6074000597000122, 1.165893316268921, -0.6663715839385986, 0.5586922764778137, -0.759491503238678, -2.273500680923462, -0.9032575488090515, -1.5719895362854004, 0.005914716050028801, -3.0171749591827393, 6.873915672302246, -1.4722093343734741, -0.7661586999893188, -0.7365827560424805, 0.8083586692810059, -0.16431547701358795, -1.103735327720642, -1.342236042022705, 2.31313419342041, 0.8392620086669922, -0.42454126477241516, 1.2508620023727417, -0.42654114961624146, 0.9539355039596558], "y": [1.1482051610946655, -1.4185991287231445, -0.36230531334877014, -0.8362206816673279, -0.8984575271606445, 1.4030711650848389, -0.09832611680030823, -1.2021085023880005, -1.638898253440857, -1.4496568441390991, -0.9618089199066162, -1.5472630262374878, -1.767163872718811, 0.6191181540489197, -1.6073405742645264, -0.30591821670532227, -0.176642507314682, -0.8649969100952148, -0.6459981799125671, 0.6289487481117249, -0.486208975315094, 2.3626668453216553, -0.823137640953064, -1.2712205648422241, 0.8205984234809875, 2.2331578731536865, 0.529055118560791, 1.6654329299926758, -1.2845491170883179, 2.108036756515503, -0.12237777560949326, 0.6111290454864502, 2.069596767425537, 2.3277533054351807, 0.5681512355804443, -1.6813621520996094, -0.07008682936429977, 2.1488494873046875, 1.568103313446045, -0.3356948494911194, -1.5549094676971436, 1.6140167713165283, 0.4742031395435333, -0.39550426602363586, -0.3515043258666992, -0.17672099173069, -0.6549338102340698, -1.6043009757995605, 1.409401297569275, 0.28472092747688293]}